{
    "1": {
        "after": 57.80657339096069,
        "before": 36.19565558433533
    },
    "2": {
        "before": 40.03208136558533,
        "after": 69.39407014846802
    },
    "3": {
        "before": 47.10154342651367,
        "after": 76.92910122871399
    },
    "4": {
        "after": 95.4680700302124,
        "before": 55.97672176361084
    },
    "5": {
        "after": 90.86493563652039,
        "before": 67.39711475372314
    },
    "6": {
        "before": 60.93854999542236,
        "after": 105.75557708740234
    },
    "7": {
        "before": 67.43582248687744,
        "after": 101.43769669532776
    },
    "8": {
        "before": 84.85700726509094,
        "after": 171.37183809280396
    },
    "9": {
        "before": 71.14668226242065,
        "after": 95.72830581665039
    },
    "10": {
        "before": 83.92424321174622,
        "after": 123.21463751792908
    },
    "11": {
        "after": 174.1986734867096,
        "before": 84.78187227249146
    },
    "12": {
        "before": 118.42623353004456,
        "after": 119.42448115348816
    },
    "13": {
        "after": 167.44390153884888,
        "before": 104.74465894699097
    },
    "14": {
        "before": 86.56051111221313,
        "after": 130.31886911392212
    },
    "15": {
        "after": 126.60917472839355,
        "before": 98.9419915676117
    }
}