{"1": {"totalInstruction": 171, "graphTime": 0.176, "genTime": 2.15, "runTime": 77.53135371208191}, "2": {"totalInstruction": 470, "graphTime": 0.684, "genTime": 3.033, "runTime": 98.11649894714355}, "3": {"totalInstruction": 503, "graphTime": 0.216, "genTime": 2.605, "runTime": 98.19662117958069}, "4": {"totalInstruction": 1179, "graphTime": 0.215, "genTime": 4.469, "runTime": 139.29521322250366}, "5": {"totalInstruction": 775, "graphTime": 0.398, "genTime": 4.142, "runTime": 92.67236971855164}, "6": {"totalInstruction": 1804, "graphTime": 0.387, "genTime": 5.505000000000001, "runTime": 165.0347261428833}, "7": {"totalInstruction": 1685, "graphTime": 0.4, "genTime": 8.219, "runTime": 196.7178065776825}, "8": {"totalInstruction": 2321, "graphTime": 0.567, "genTime": 7.096, "runTime": 226.15595507621765}, "9": {"totalInstruction": 1755, "graphTime": 0.316, "genTime": 4.8, "runTime": 167.22546577453613}, "10": {"totalInstruction": 2037, "graphTime": 0.294, "genTime": 5.275, "runTime": 121.36249279975891}, "11": {"totalInstruction": 2451, "graphTime": 0.326, "genTime": 5.798, "runTime": 213.65245056152344}, "12": {"totalInstruction": 2277, "graphTime": 0.232, "genTime": 5.117999999999999, "runTime": 146.12255454063416}, "13": {"totalInstruction": 3327, "graphTime": 0.311, "genTime": 5.907, "runTime": 263.7099919319153}, "14": {"totalInstruction": 2392, "graphTime": 0.518, "genTime": 7.692000000000001, "runTime": 242.6144893169403}, "15": {"totalInstruction": 2817, "graphTime": 0.496, "genTime": 7.0969999999999995, "runTime": 224.62105202674866}}