{
    "1": {
        "totalInstruction": 356,
        "graphTime": 0.067,
        "genTime": 0.466,
        "runTime": 80.13573503494263
    },
    "2": {
        "totalInstruction": 566,
        "graphTime": 0.071,
        "genTime": 0.546,
        "runTime": 91.48510336875916
    },
    "3": {
        "totalInstruction": 1097,
        "graphTime": 0.077,
        "genTime": 0.803,
        "runTime": 93.49651432037354
    },
    "4": {
        "totalInstruction": 1144,
        "graphTime": 0.083,
        "genTime": 0.9410000000000001,
        "runTime": 91.80381917953491
    },
    "5": {
        "totalInstruction": 1385,
        "graphTime": 0.08,
        "genTime": 0.863,
        "runTime": 95.47382855415344
    },
    "6": {
        "totalInstruction": 1694,
        "graphTime": 0.084,
        "genTime": 0.904,
        "runTime": 98.09112620353699
    },
    "7": {
        "totalInstruction": 2372,
        "graphTime": 0.089,
        "genTime": 1.2510000000000001,
        "runTime": 103.98154783248901
    },
    "8": {
        "totalInstruction": 3258,
        "graphTime": 0.1,
        "genTime": 2.053,
        "runTime": 97.36275315284729
    },
    "9": {
        "totalInstruction": 3290,
        "graphTime": 0.101,
        "genTime": 1.62,
        "runTime": 149.85310339927673
    },
    "10": {
        "totalInstruction": 3397,
        "graphTime": 0.099,
        "genTime": 1.6,
        "runTime": 124.62052726745605
    },
    "11": {
        "totalInstruction": 3674,
        "graphTime": 0.105,
        "genTime": 1.86,
        "runTime": 126.46849942207336
    },
    "12": {
        "totalInstruction": 4002,
        "graphTime": 0.109,
        "genTime": 1.667,
        "runTime": 115.59716820716858
    },
    "13": {
        "totalInstruction": 4551,
        "graphTime": 0.112,
        "genTime": 2.013,
        "runTime": 150.5249571800232
    },
    "14": {
        "totalInstruction": 4785,
        "graphTime": 0.109,
        "genTime": 2.283,
        "runTime": 167.0832929611206
    },
    "15": {
        "totalInstruction": 4446,
        "graphTime": 0.111,
        "genTime": 1.788,
        "runTime": 150.0949568748474
    }
}