{
    "1": {
        "totalInstruction": 290,
        "graphTime": 0.074,
        "genTime": 0.505,
        "runTime": 38.89476013183594
    },
    "2": {
        "totalInstruction": 440,
        "graphTime": 0.077,
        "genTime": 0.7290000000000001,
        "runTime": 39.19730043411255
    },
    "3": {
        "totalInstruction": 1090,
        "graphTime": 0.087,
        "genTime": 1.1340000000000001,
        "runTime": 48.98697876930237
    },
    "4": {
        "totalInstruction": 1444,
        "graphTime": 0.093,
        "genTime": 1.108,
        "runTime": 54.87320280075073
    },
    "5": {
        "totalInstruction": 1461,
        "graphTime": 0.096,
        "genTime": 0.9980000000000001,
        "runTime": 52.33583045005798
    },
    "6": {
        "totalInstruction": 1866,
        "graphTime": 0.098,
        "genTime": 1.1969999999999998,
        "runTime": 58.209803342819214
    },
    "7": {
        "totalInstruction": 1791,
        "graphTime": 0.099,
        "genTime": 1.182,
        "runTime": 59.5547559261322
    },
    "8": {
        "totalInstruction": 2542,
        "graphTime": 0.108,
        "genTime": 1.6569999999999998,
        "runTime": 71.77842140197754
    },
    "9": {
        "totalInstruction": 2578,
        "graphTime": 0.111,
        "genTime": 1.5010000000000001,
        "runTime": 66.00571346282959
    },
    "10": {
        "totalInstruction": 2764,
        "graphTime": 0.107,
        "genTime": 1.674,
        "runTime": 70.94121241569519
    },
    "11": {
        "totalInstruction": 3152,
        "graphTime": 0.111,
        "genTime": 1.78,
        "runTime": 74.67804741859436
    },
    "12": {
        "totalInstruction": 3718,
        "graphTime": 0.121,
        "genTime": 1.727,
        "runTime": 78.4069156646729
    },
    "13": {
        "totalInstruction": 3359,
        "graphTime": 0.114,
        "genTime": 1.605,
        "runTime": 81.34917211532593
    },
    "14": {
        "totalInstruction": 4059,
        "graphTime": 0.122,
        "genTime": 1.971,
        "runTime": 93.66326141357422
    },
    "15": {
        "totalInstruction": 4346,
        "graphTime": 0.121,
        "genTime": 1.9689999999999999,
        "runTime": 99.69088959693909
    }
}